<?xml version="1.0" encoding="windows-1251" ?>
<Nutritions Date="16.05.2015" name="NutritionFacts">
  <Product Name="Potato">
	  <Proteins>2</Proteins>
	  <Fats>0.4</Fats>
	  <Carbohydrates>16.3</Carbohydrates>
    <Color>White</Color>
  </Product>
  <Product Name="Carrot">
    <Proteins>1.3</Proteins>
    <Fats>0.1</Fats>
    <Carbohydrates>6.9</Carbohydrates>
    <Color>Yellow</Color>
  </Product>
  <Product Name="BeetRoot">
    <Proteins>1.5</Proteins>
    <Fats>0.1</Fats>
    <Carbohydrates>8.8</Carbohydrates>
    <Color>Red</Color>
  </Product>
  <Product Name="Cabbage">
    <Proteins>1.8</Proteins>
    <Fats>0.1</Fats>
    <Carbohydrates>4.7</Carbohydrates>
    <Color>White</Color>
  </Product>
  <Product Name="Cauliflower">
    <Proteins>2.5</Proteins>
    <Fats>0.3</Fats>
    <Carbohydrates>4.2</Carbohydrates>
    <Color>Yellow</Color>
  </Product>
  <Product Name="Broccoli">
    <Proteins>2.8</Proteins>
    <Fats>0.4</Fats>
    <Carbohydrates>7</Carbohydrates>
    <Color>Green</Color>
  </Product>
  <Product Name="Onion">
    <Proteins>1.1</Proteins>
    <Fats>0.1</Fats>
    <Carbohydrates>9</Carbohydrates>
    <Color>White</Color>
  </Product>
  <Product Name="Garlic">
    <Proteins>6.5</Proteins>
    <Fats>0.5</Fats>
    <Carbohydrates>29.9</Carbohydrates>
    <Color>White</Color>
  </Product>
  <Product Name="Parsley">
    <Proteins>3.7</Proteins>
    <Fats>0.4</Fats>
    <Carbohydrates>7.6</Carbohydrates>
    <Color>Green</Color>
  </Product>
  <Product Name="Dill">
    <Proteins>2.5</Proteins>
    <Fats>0.5</Fats>
    <Carbohydrates>6.3</Carbohydrates>
    <Color>Green</Color>
  </Product>
  <Product Name="GreenOnion">
    <Proteins>3.2</Proteins>
    <Fats>0.1</Fats>
    <Carbohydrates>1.3</Carbohydrates>
    <Color>Green</Color>
  </Product>
  <Product Name="Lettuce">
    <Proteins>1.8</Proteins>
    <Fats>0.2</Fats>
    <Carbohydrates>2</Carbohydrates>
    <Color>Green</Color>
  </Product>
  <Product Name="Sorrel">
    <Proteins>1.5</Proteins>
    <Fats>0.3</Fats>
    <Carbohydrates>2.9</Carbohydrates>
    <Color>Green</Color>
  </Product>
  <Product Name="Spinach">
    <Proteins>2.9</Proteins>
    <Fats>0.4</Fats>
    <Carbohydrates>3.6</Carbohydrates>
    <Color>Green</Color>
  </Product>
  <Product Name="Cucumber">
    <Proteins>0.8</Proteins>
    <Fats>0.1</Fats>
    <Carbohydrates>2.5</Carbohydrates>
    <Color>Green</Color>
  </Product>
  <Product Name="Pepper">
    <Proteins>1.3</Proteins>
    <Fats>0.1</Fats>
    <Carbohydrates>4.9</Carbohydrates>
    <Color>Red</Color>
  </Product>
  <Product Name="Tomato">
    <Proteins>1.1</Proteins>
    <Fats>0.2</Fats>
    <Carbohydrates>3.8</Carbohydrates>
    <Color>Red</Color>
  </Product>
  <Product Name="SourCream">
    <Proteins>2.6</Proteins>
    <Fats>15</Fats>
    <Carbohydrates>3.6</Carbohydrates>
    <Color>White</Color>
  </Product>
  <Product Name="Oil">
    <Proteins>0</Proteins>
    <Fats>0</Fats>
    <Carbohydrates>99.9</Carbohydrates>
    <Color>NoColor</Color>
  </Product>
  <Product Name="Mayonnaise">
    <Proteins>2.8</Proteins>
    <Fats>67</Fats>
    <Carbohydrates>3.7</Carbohydrates>
    <Color>White</Color>
  </Product>
</Nutritions>
